first_name,last_name
Sagar,Dundle
Test,Testing
Abhi,Das
suresh,dhar
Kalpana,Chawla
Brut,walk
Ajay,Kulal
User 1,User 2
Manoj,Singh
Akash,Kumar
Sagar,Dundle
Test,Testing
Abhi,Das
suresh,dhar
Kalpana,Chawla
Brut,walk
Ajay,Kulal
User 1,User 2
Manoj,Singh
Akash,Kumar
Sagar,Dundle
Test,Testing
Abhi,Das
suresh,dhar
Kalpana,Chawla
Brut,walk
Ajay,Kulal
User 1,User 2
Manoj,Singh
Akash,Kumar
Sagar,Dundle
Test,Testing
Abhi,Das
suresh,dhar
Kalpana,Chawla
Brut,walk
Ajay,Kulal
User 1,User 2
Manoj,Singh
Akash,Kumar
Sagar,Dundle
Test,Testing
Abhi,Das
suresh,dhar
Kalpana,Chawla
Brut,walk
Ajay,Kulal
User 1,User 2
Manoj,Singh
Akash,Kumar
